{"PROFILES": [{"PROFILE_CODE":"PR_INS","PROFILE_DESC":"Ins Form","PROFILE_TYPE":"MAIN","PROFILE_CONTENT":"<div class='Profile' style='position: relative;height:100%;width:100%'><div id='concg1032c003' ng-controller ='concg1032c003' ng-keydown='UICGC_3_KEY_DOWN($event)' class='Profile-container' style='top: 0%; height: 50%; left: 0%; width: 100%;'><dircg1032c003 ></dircg1032c003></div><div id='concg1032c001' ng-controller ='concg1032c001' ng-keydown='UICGC_1_KEY_DOWN($event)' class='Profile-container' style='top: 50%; height: 50%; left: 0%; width: 50%;'><dircg1032c001 ></dircg1032c001></div><div id='concg1032c002' ng-controller ='concg1032c002' ng-keydown='UICGC_2_KEY_DOWN($event)' class='Profile-container' style='top: 50%; height: 50%; left: 50%; width: 50%;'><dircg1032c002 ></dircg1032c002></div><div ng-controller ='dpsinit' style='display:None'></div><div  ng-controller ='dpsraise' style='display:None'></div><div ng-controller ='dsinfo' style='display:None'></div><div ng-controller ='actions' style='display:None'></div></div>","PROFILE_UICGCS" : [{ "UICGC_CODE" : "UICGC_3","LEFT" : "0%", "TOP" : "0%", "HEIGHT" : "50%", "WIDTH" : "100%", "CONTROLLER_ID" : "concg1032c003" },{ "UICGC_CODE" : "UICGC_1","LEFT" : "0%", "TOP" : "50%", "HEIGHT" : "50%", "WIDTH" : "50%", "CONTROLLER_ID" : "concg1032c001" },{ "UICGC_CODE" : "UICGC_2","LEFT" : "50%", "TOP" : "50%", "HEIGHT" : "50%", "WIDTH" : "50%", "CONTROLLER_ID" : "concg1032c002" }] }]}