{"PROFILES": [{"PROFILE_CODE":"PR_FX_SCAN","PROFILE_DESC":"Main Scan","PROFILE_TYPE":"MAIN","PROFILE_CONTENT":"<div class='Profile' style='position: relative;height:100%;width:100%'><div id='concg1029c002' ng-controller ='concg1029c002' ng-keydown='UICGC_2_KEY_DOWN($event)' class='Profile-container' style='top: 0%; height: 50%; left: 0%; width: 50%;'><dircg1029c002 ></dircg1029c002></div><div id='concg1029c003' ng-controller ='concg1029c003' ng-keydown='UICGC_3_KEY_DOWN($event)' class='Profile-container' style='top: 50%; height: 50%; left: 0%; width: 50%;'><dircg1029c003 ></dircg1029c003></div><div id='concg1029c004' ng-controller ='concg1029c004' ng-keydown='UICGC_4_KEY_DOWN($event)' class='Profile-container' style='top: 0%; height: 100%; left: 50%; width: 50%;'><dircg1029c004 ></dircg1029c004></div><div id='concg1029c001' ng-controller ='concg1029c001' ng-keydown='UICGC_1_KEY_DOWN($event)' class='Profile-container' style='display:none;'><dircg1029c001 ></dircg1029c001></div><div id='concg1029c005' ng-controller ='concg1029c005' ng-keydown='UICGC_5_KEY_DOWN($event)' class='Profile-container' style='display:none;'><dircg1029c005 ></dircg1029c005></div><div id='concg1029c008' ng-controller ='concg1029c008' ng-keydown='UICGC_8_KEY_DOWN($event)' class='Profile-container' style='display:none;'><dircg1029c008 ></dircg1029c008></div><div id='concg1029c009' ng-controller ='concg1029c009' ng-keydown='UICGC_9_KEY_DOWN($event)' class='Profile-container' style='display:none;'><dircg1029c009 ></dircg1029c009></div><div ng-controller ='dpsinit' style='display:None'></div><div  ng-controller ='dpsraise' style='display:None'></div><div ng-controller ='dsinfo' style='display:None'></div><div ng-controller ='actions' style='display:None'></div></div>","PROFILE_UICGCS" : [{ "UICGC_CODE" : "UICGC_2","LEFT" : "0%", "TOP" : "0%", "HEIGHT" : "50%", "WIDTH" : "50%", "CONTROLLER_ID" : "concg1029c002" },{ "UICGC_CODE" : "UICGC_3","LEFT" : "0%", "TOP" : "50%", "HEIGHT" : "50%", "WIDTH" : "50%", "CONTROLLER_ID" : "concg1029c003" },{ "UICGC_CODE" : "UICGC_4","LEFT" : "50%", "TOP" : "0%", "HEIGHT" : "100%", "WIDTH" : "50%", "CONTROLLER_ID" : "concg1029c004" }] },{"PROFILE_CODE":"PR_ATMT_PROFILE","PROFILE_DESC":"ATMT Profile","PROFILE_TYPE":"MAIN","PROFILE_CONTENT":"<div class='Profile' style='position: relative;height:100%;width:100%'><div id='concg1029c001' ng-controller ='concg1029c001' ng-keydown='UICGC_1_KEY_DOWN($event)' class='Profile-container' style='top: 0%; height: 80%; left: 0%; width: 100%;'><dircg1029c001 ></dircg1029c001></div><div id='concg1029c005' ng-controller ='concg1029c005' ng-keydown='UICGC_5_KEY_DOWN($event)' class='Profile-container' style='top: 80%; height: 20%; left: 0%; width: 100%;'><dircg1029c005 ></dircg1029c005></div><div id='concg1029c002' ng-controller ='concg1029c002' ng-keydown='UICGC_2_KEY_DOWN($event)' class='Profile-container' style='display:none;'><dircg1029c002 ></dircg1029c002></div><div id='concg1029c003' ng-controller ='concg1029c003' ng-keydown='UICGC_3_KEY_DOWN($event)' class='Profile-container' style='display:none;'><dircg1029c003 ></dircg1029c003></div><div id='concg1029c004' ng-controller ='concg1029c004' ng-keydown='UICGC_4_KEY_DOWN($event)' class='Profile-container' style='display:none;'><dircg1029c004 ></dircg1029c004></div><div id='concg1029c008' ng-controller ='concg1029c008' ng-keydown='UICGC_8_KEY_DOWN($event)' class='Profile-container' style='display:none;'><dircg1029c008 ></dircg1029c008></div><div id='concg1029c009' ng-controller ='concg1029c009' ng-keydown='UICGC_9_KEY_DOWN($event)' class='Profile-container' style='display:none;'><dircg1029c009 ></dircg1029c009></div><div ng-controller ='dpsinit' style='display:None'></div><div  ng-controller ='dpsraise' style='display:None'></div><div ng-controller ='dsinfo' style='display:None'></div><div ng-controller ='actions' style='display:None'></div></div>","PROFILE_UICGCS" : [{ "UICGC_CODE" : "UICGC_1","LEFT" : "0%", "TOP" : "0%", "HEIGHT" : "80%", "WIDTH" : "100%", "CONTROLLER_ID" : "concg1029c001" },{ "UICGC_CODE" : "UICGC_5","LEFT" : "0%", "TOP" : "80%", "HEIGHT" : "20%", "WIDTH" : "100%", "CONTROLLER_ID" : "concg1029c005" }] },{"PROFILE_CODE":"PR_FX_SCAN_RESUME","PROFILE_DESC":"Scan","PROFILE_TYPE":"CHILD","PROFILE_CONTENT":"<div class='Profile' style='position: relative;height:100%;width:100%'><div id='concg1029c008' ng-controller ='concg1029c008' ng-keydown='UICGC_8_KEY_DOWN($event)' class='Profile-container' style='top: 0%; height: 80%; left: 0%; width: 100%;'><dircg1029c008 ></dircg1029c008></div><div id='concg1029c009' ng-controller ='concg1029c009' ng-keydown='UICGC_9_KEY_DOWN($event)' class='Profile-container' style='top: 80%; height: 20%; left: 0%; width: 100%;'><dircg1029c009 ></dircg1029c009></div></div>","PROFILE_UICGCS" : [{ "UICGC_CODE" : "UICGC_8","LEFT" : "0%", "TOP" : "0%", "HEIGHT" : "80%", "WIDTH" : "100%", "CONTROLLER_ID" : "concg1029c008" },{ "UICGC_CODE" : "UICGC_9","LEFT" : "0%", "TOP" : "80%", "HEIGHT" : "20%", "WIDTH" : "100%", "CONTROLLER_ID" : "concg1029c009" }] },{"PROFILE_CODE":"PR_SCAN_RESUME","PROFILE_DESC":"Scan Resume","PROFILE_TYPE":"MAIN","PROFILE_CONTENT":"<div class='Profile' style='position: relative;height:100%;width:100%'><div id='concg1029c002' ng-controller ='concg1029c002' ng-keydown='UICGC_2_KEY_DOWN($event)' class='Profile-container' style='top: 0%; height: 50%; left: 0%; width: 50%;'><dircg1029c002 ></dircg1029c002></div><div id='concg1029c003' ng-controller ='concg1029c003' ng-keydown='UICGC_3_KEY_DOWN($event)' class='Profile-container' style='top: 50%; height: 50%; left: 0%; width: 50%;'><dircg1029c003 ></dircg1029c003></div><div id='concg1029c001' ng-controller ='concg1029c001' ng-keydown='UICGC_1_KEY_DOWN($event)' class='Profile-container' style='top: 0%; height: 100%; left: 50%; width: 50%;'><dircg1029c001 ></dircg1029c001></div><div id='concg1029c004' ng-controller ='concg1029c004' ng-keydown='UICGC_4_KEY_DOWN($event)' class='Profile-container' style='display:none;'><dircg1029c004 ></dircg1029c004></div><div id='concg1029c005' ng-controller ='concg1029c005' ng-keydown='UICGC_5_KEY_DOWN($event)' class='Profile-container' style='display:none;'><dircg1029c005 ></dircg1029c005></div><div id='concg1029c008' ng-controller ='concg1029c008' ng-keydown='UICGC_8_KEY_DOWN($event)' class='Profile-container' style='display:none;'><dircg1029c008 ></dircg1029c008></div><div id='concg1029c009' ng-controller ='concg1029c009' ng-keydown='UICGC_9_KEY_DOWN($event)' class='Profile-container' style='display:none;'><dircg1029c009 ></dircg1029c009></div><div ng-controller ='dpsinit' style='display:None'></div><div  ng-controller ='dpsraise' style='display:None'></div><div ng-controller ='dsinfo' style='display:None'></div><div ng-controller ='actions' style='display:None'></div></div>","PROFILE_UICGCS" : [{ "UICGC_CODE" : "UICGC_2","LEFT" : "0%", "TOP" : "0%", "HEIGHT" : "50%", "WIDTH" : "50%", "CONTROLLER_ID" : "concg1029c002" },{ "UICGC_CODE" : "UICGC_3","LEFT" : "0%", "TOP" : "50%", "HEIGHT" : "50%", "WIDTH" : "50%", "CONTROLLER_ID" : "concg1029c003" },{ "UICGC_CODE" : "UICGC_1","LEFT" : "50%", "TOP" : "0%", "HEIGHT" : "100%", "WIDTH" : "50%", "CONTROLLER_ID" : "concg1029c001" }] },{"PROFILE_CODE":"PR_FOLDER_SCAN","PROFILE_DESC":"Folder Scan","PROFILE_TYPE":"MAIN","PROFILE_CONTENT":"<div class='Profile' style='position: relative;height:100%;width:100%'><div id='concg1029c008' ng-controller ='concg1029c008' ng-keydown='UICGC_8_KEY_DOWN($event)' class='Profile-container' style='top: 0%; height: 100%; left: 0%; width: 100%;'><dircg1029c008 ></dircg1029c008></div><div id='concg1029c001' ng-controller ='concg1029c001' ng-keydown='UICGC_1_KEY_DOWN($event)' class='Profile-container' style='display:none;'><dircg1029c001 ></dircg1029c001></div><div id='concg1029c002' ng-controller ='concg1029c002' ng-keydown='UICGC_2_KEY_DOWN($event)' class='Profile-container' style='display:none;'><dircg1029c002 ></dircg1029c002></div><div id='concg1029c003' ng-controller ='concg1029c003' ng-keydown='UICGC_3_KEY_DOWN($event)' class='Profile-container' style='display:none;'><dircg1029c003 ></dircg1029c003></div><div id='concg1029c004' ng-controller ='concg1029c004' ng-keydown='UICGC_4_KEY_DOWN($event)' class='Profile-container' style='display:none;'><dircg1029c004 ></dircg1029c004></div><div id='concg1029c005' ng-controller ='concg1029c005' ng-keydown='UICGC_5_KEY_DOWN($event)' class='Profile-container' style='display:none;'><dircg1029c005 ></dircg1029c005></div><div id='concg1029c009' ng-controller ='concg1029c009' ng-keydown='UICGC_9_KEY_DOWN($event)' class='Profile-container' style='display:none;'><dircg1029c009 ></dircg1029c009></div><div ng-controller ='dpsinit' style='display:None'></div><div  ng-controller ='dpsraise' style='display:None'></div><div ng-controller ='dsinfo' style='display:None'></div><div ng-controller ='actions' style='display:None'></div></div>","PROFILE_UICGCS" : [{ "UICGC_CODE" : "UICGC_8","LEFT" : "0%", "TOP" : "0%", "HEIGHT" : "100%", "WIDTH" : "100%", "CONTROLLER_ID" : "concg1029c008" }] }]}