{"PROFILES": [{"PROFILE_CODE":"FX_EMP_PR1","PROFILE_DESC":"DATE ENTRY","PROFILE_TYPE":"MAIN","PROFILE_CONTENT":"<div class='Profile' style='position: relative;height:100%;width:100%'><div ng-controller ='concg1001c002' class='Profile-container' style='top: 0%; height: 100%; left: 50%; width: 50%;'><dircg1001c002 ></dircg1001c002></div><div ng-controller ='concg1001c001' class='Profile-container' style='top: 50%; height: 50%; left: 0%; width: 50%;'><dircg1001c001 ></dircg1001c001></div><div ng-controller ='concg1001c003' class='Profile-container' style='top: 0%; height: 50%; left: 0%; width: 50%;'><dircg1001c003 ></dircg1001c003></div><div ng-controller ='concg1001c004' class='Profile-container' style='display:none;'></div><div ng-controller ='concg1001c005' class='Profile-container' style='display:none;'><dircg1001c005 ></dircg1001c005></div><div ng-controller ='concg1001c006' class='Profile-container' style='display:none;'><dircg1001c006 ></dircg1001c006></div><div ng-controller ='concg1001c008' class='Profile-container' style='display:none;'><dircg1001c008 ></dircg1001c008></div><div ng-controller ='concg1001c009' class='Profile-container' style='display:none;'><dircg1001c009 ></dircg1001c009></div><div ng-controller ='concg1001c010' class='Profile-container' style='display:none;'><dircg1001c010 ></dircg1001c010></div><div ng-controller ='concg1001c011' class='Profile-container' style='display:none;'><dircg1001c011 ></dircg1001c011></div><div ng-controller ='concg1001c012' class='Profile-container' style='display:none;'><dircg1001c012 ></dircg1001c012></div><div ng-controller ='dpsinit' style='display:None'></div><div  ng-controller ='dpsraise' style='display:None'></div><div ng-controller ='dsinfo' style='display:None'></div><div ng-controller ='actions' style='display:None'></div></div>","PROFILE_UICGCS" : ["UICGC_2","UICGC_1","UICGC_3"] },{"PROFILE_CODE":"FX_EMP_PR2","PROFILE_DESC":"Change Profile","PROFILE_TYPE":"MAIN","PROFILE_CONTENT":"<div class='Profile' style='position: relative;height:100%;width:100%'><div ng-controller ='concg1001c004' class='Profile-container' style='top: 0%; height: 50%; left: 0%; width: 50%;'><dircg1001c004 ></dircg1001c004></div><div ng-controller ='concg1001c009' class='Profile-container' style='top: 0%; height: 50%; left: 50%; width: 50%;'><dircg1001c009 ></dircg1001c009></div><div ng-controller ='concg1001c010' class='Profile-container' style='top: 50%; height: 50%; left: 50%; width: 50%;'><dircg1001c010 ></dircg1001c010></div><div ng-controller ='concg1001c006' class='Profile-container' style='top: 75%; height: 25%; left: 0%; width: 50%;'><dircg1001c006 ></dircg1001c006></div><div ng-controller ='concg1001c005' class='Profile-container' style='top: 50%; height: 25%; left: 0%; width: 50%;'><dircg1001c005 ></dircg1001c005></div><div ng-controller ='concg1001c001' class='Profile-container' style='display:none;'></div><div ng-controller ='concg1001c002' class='Profile-container' style='display:none;'><dircg1001c002 ></dircg1001c002></div><div ng-controller ='concg1001c003' class='Profile-container' style='display:none;'><dircg1001c003 ></dircg1001c003></div><div ng-controller ='concg1001c008' class='Profile-container' style='display:none;'><dircg1001c008 ></dircg1001c008></div><div ng-controller ='concg1001c011' class='Profile-container' style='display:none;'><dircg1001c011 ></dircg1001c011></div><div ng-controller ='concg1001c012' class='Profile-container' style='display:none;'><dircg1001c012 ></dircg1001c012></div><div ng-controller ='dpsinit' style='display:None'></div><div  ng-controller ='dpsraise' style='display:None'></div><div ng-controller ='dsinfo' style='display:None'></div><div ng-controller ='actions' style='display:None'></div></div>","PROFILE_UICGCS" : ["UICGC_4","UICGC_9","UICGC_10","UICGC_6","UICGC_5"] },{"PROFILE_CODE":"DOCALC","PROFILE_DESC":"Calculation And Compare","PROFILE_TYPE":"MAIN","PROFILE_CONTENT":"<div class='Profile' style='position: relative;height:100%;width:100%'><div ng-controller ='concg1001c011' class='Profile-container' style='top: 0%; height: 100%; left: 0%; width: 50%;'><dircg1001c011 ></dircg1001c011></div><div ng-controller ='concg1001c012' class='Profile-container' style='top: 0%; height: 100%; left: 50%; width: 50%;'><dircg1001c012 ></dircg1001c012></div><div ng-controller ='concg1001c001' class='Profile-container' style='display:none;'></div><div ng-controller ='concg1001c002' class='Profile-container' style='display:none;'><dircg1001c002 ></dircg1001c002></div><div ng-controller ='concg1001c003' class='Profile-container' style='display:none;'><dircg1001c003 ></dircg1001c003></div><div ng-controller ='concg1001c004' class='Profile-container' style='display:none;'></div><div ng-controller ='concg1001c005' class='Profile-container' style='display:none;'><dircg1001c005 ></dircg1001c005></div><div ng-controller ='concg1001c006' class='Profile-container' style='display:none;'><dircg1001c006 ></dircg1001c006></div><div ng-controller ='concg1001c008' class='Profile-container' style='display:none;'><dircg1001c008 ></dircg1001c008></div><div ng-controller ='concg1001c009' class='Profile-container' style='display:none;'><dircg1001c009 ></dircg1001c009></div><div ng-controller ='concg1001c010' class='Profile-container' style='display:none;'><dircg1001c010 ></dircg1001c010></div><div ng-controller ='dpsinit' style='display:None'></div><div  ng-controller ='dpsraise' style='display:None'></div><div ng-controller ='dsinfo' style='display:None'></div><div ng-controller ='actions' style='display:None'></div></div>","PROFILE_UICGCS" : ["UICGC_11","UICGC_12"] }]}