{"PROFILES": [{"PROFILE_CODE":"FX_EMP_PR1","PROFILE_DESC":"DATE ENTRY","PROFILE_TYPE":"MAIN","PROFILE_CONTENT":"<div class='Profile' style='position: relative;height:100%;width:100%'><div id='concg1001c002' ng-controller ='concg1001c002' ng-keydown='UICGC_2_KEY_DOWN($event)' class='Profile-container' style='top: 0%; height: 100%; left: 0%; width: 100%;'><dircg1001c002 ></dircg1001c002></div><div id='concg1001c001' ng-controller ='concg1001c001' ng-keydown='UICGC_1_KEY_DOWN($event)' class='Profile-container' style='display:none;'><dircg1001c001 ></dircg1001c001></div><div id='concg1001c003' ng-controller ='concg1001c003' ng-keydown='UICGC_3_KEY_DOWN($event)' class='Profile-container' style='display:none;'><dircg1001c003 ></dircg1001c003></div><div id='concg1001c004' ng-controller ='concg1001c004' ng-keydown='UICGC_4_KEY_DOWN($event)' class='Profile-container' style='display:none;'><dircg1001c004 ></dircg1001c004></div><div id='concg1001c005' ng-controller ='concg1001c005' ng-keydown='UICGC_5_KEY_DOWN($event)' class='Profile-container' style='display:none;'><dircg1001c005 ></dircg1001c005></div><div id='concg1001c006' ng-controller ='concg1001c006' ng-keydown='UICGC_6_KEY_DOWN($event)' class='Profile-container' style='display:none;'><dircg1001c006 ></dircg1001c006></div><div id='concg1001c008' ng-controller ='concg1001c008' ng-keydown='UICGC_8_KEY_DOWN($event)' class='Profile-container' style='display:none;'><dircg1001c008 ></dircg1001c008></div><div id='concg1001c009' ng-controller ='concg1001c009' ng-keydown='UICGC_9_KEY_DOWN($event)' class='Profile-container' style='display:none;'><dircg1001c009 ></dircg1001c009></div><div id='concg1001c010' ng-controller ='concg1001c010' ng-keydown='UICGC_10_KEY_DOWN($event)' class='Profile-container' style='display:none;'><dircg1001c010 ></dircg1001c010></div><div id='concg1001c011' ng-controller ='concg1001c011' ng-keydown='UICGC_11_KEY_DOWN($event)' class='Profile-container' style='display:none;'><dircg1001c011 ></dircg1001c011></div><div id='concg1001c012' ng-controller ='concg1001c012' ng-keydown='UICGC_12_KEY_DOWN($event)' class='Profile-container' style='display:none;'><dircg1001c012 ></dircg1001c012></div><div id='concg1001c013' ng-controller ='concg1001c013' ng-keydown='UICGC_13_KEY_DOWN($event)' class='Profile-container' style='display:none;'><dircg1001c013 ></dircg1001c013></div><div ng-controller ='dpsinit' style='display:None'></div><div  ng-controller ='dpsraise' style='display:None'></div><div ng-controller ='dsinfo' style='display:None'></div><div ng-controller ='actions' style='display:None'></div></div>","PROFILE_UICGCS" : [{ "UICGC_CODE" : "UICGC_2","LEFT" : "0%", "TOP" : "0%", "HEIGHT" : "100%", "WIDTH" : "100%", "CONTROLLER_ID" : "concg1001c002" }] },{"PROFILE_CODE":"FX_EMP_PR2","PROFILE_DESC":"Change Profile","PROFILE_TYPE":"MAIN","PROFILE_CONTENT":"<div class='Profile' style='position: relative;height:100%;width:100%'><div id='concg1001c004' ng-controller ='concg1001c004' ng-keydown='UICGC_4_KEY_DOWN($event)' class='Profile-container' style='top: 14.2857%; height: 57.1428%; left: 0%; width: 100%;'><dircg1001c004 ></dircg1001c004></div><div id='concg1001c009' ng-controller ='concg1001c009' ng-keydown='UICGC_9_KEY_DOWN($event)' class='Profile-container' style='top: 71.4285%; height: 28.5714%; left: 0%; width: 50%;'><dircg1001c009 ></dircg1001c009></div><div id='concg1001c010' ng-controller ='concg1001c010' ng-keydown='UICGC_10_KEY_DOWN($event)' class='Profile-container' style='top: 71.4285%; height: 28.5714%; left: 50%; width: 50%;'><dircg1001c010 ></dircg1001c010></div><div id='concg1001c005' ng-controller ='concg1001c005' ng-keydown='UICGC_5_KEY_DOWN($event)' class='Profile-container' style='top: 0%; height: 14.2857%; left: 0%; width: 25%;'><dircg1001c005 ></dircg1001c005></div><div id='concg1001c006' ng-controller ='concg1001c006' ng-keydown='UICGC_6_KEY_DOWN($event)' class='Profile-container' style='top: 0%; height: 14.2857%; left: 25%; width: 75%;'><dircg1001c006 ></dircg1001c006></div><div id='concg1001c001' ng-controller ='concg1001c001' ng-keydown='UICGC_1_KEY_DOWN($event)' class='Profile-container' style='display:none;'><dircg1001c001 ></dircg1001c001></div><div id='concg1001c002' ng-controller ='concg1001c002' ng-keydown='UICGC_2_KEY_DOWN($event)' class='Profile-container' style='display:none;'><dircg1001c002 ></dircg1001c002></div><div id='concg1001c003' ng-controller ='concg1001c003' ng-keydown='UICGC_3_KEY_DOWN($event)' class='Profile-container' style='display:none;'><dircg1001c003 ></dircg1001c003></div><div id='concg1001c008' ng-controller ='concg1001c008' ng-keydown='UICGC_8_KEY_DOWN($event)' class='Profile-container' style='display:none;'><dircg1001c008 ></dircg1001c008></div><div id='concg1001c011' ng-controller ='concg1001c011' ng-keydown='UICGC_11_KEY_DOWN($event)' class='Profile-container' style='display:none;'><dircg1001c011 ></dircg1001c011></div><div id='concg1001c012' ng-controller ='concg1001c012' ng-keydown='UICGC_12_KEY_DOWN($event)' class='Profile-container' style='display:none;'><dircg1001c012 ></dircg1001c012></div><div id='concg1001c013' ng-controller ='concg1001c013' ng-keydown='UICGC_13_KEY_DOWN($event)' class='Profile-container' style='display:none;'><dircg1001c013 ></dircg1001c013></div><div ng-controller ='dpsinit' style='display:None'></div><div  ng-controller ='dpsraise' style='display:None'></div><div ng-controller ='dsinfo' style='display:None'></div><div ng-controller ='actions' style='display:None'></div></div>","PROFILE_UICGCS" : [{ "UICGC_CODE" : "UICGC_4","LEFT" : "0%", "TOP" : "14.2857%", "HEIGHT" : "57.1428%", "WIDTH" : "100%", "CONTROLLER_ID" : "concg1001c004" },{ "UICGC_CODE" : "UICGC_9","LEFT" : "0%", "TOP" : "71.4285%", "HEIGHT" : "28.5714%", "WIDTH" : "50%", "CONTROLLER_ID" : "concg1001c009" },{ "UICGC_CODE" : "UICGC_10","LEFT" : "50%", "TOP" : "71.4285%", "HEIGHT" : "28.5714%", "WIDTH" : "50%", "CONTROLLER_ID" : "concg1001c010" },{ "UICGC_CODE" : "UICGC_5","LEFT" : "0%", "TOP" : "0%", "HEIGHT" : "14.2857%", "WIDTH" : "25%", "CONTROLLER_ID" : "concg1001c005" },{ "UICGC_CODE" : "UICGC_6","LEFT" : "25%", "TOP" : "0%", "HEIGHT" : "14.2857%", "WIDTH" : "75%", "CONTROLLER_ID" : "concg1001c006" }] },{"PROFILE_CODE":"DOCALC","PROFILE_DESC":"Calculation And Compare","PROFILE_TYPE":"MAIN","PROFILE_CONTENT":"<div class='Profile' style='position: relative;height:100%;width:100%'><div id='concg1001c011' ng-controller ='concg1001c011' ng-keydown='UICGC_11_KEY_DOWN($event)' class='Profile-container' style='top: 0%; height: 100%; left: 0%; width: 50%;'><dircg1001c011 ></dircg1001c011></div><div id='concg1001c012' ng-controller ='concg1001c012' ng-keydown='UICGC_12_KEY_DOWN($event)' class='Profile-container' style='top: 0%; height: 100%; left: 50%; width: 50%;'><dircg1001c012 ></dircg1001c012></div><div id='concg1001c001' ng-controller ='concg1001c001' ng-keydown='UICGC_1_KEY_DOWN($event)' class='Profile-container' style='display:none;'><dircg1001c001 ></dircg1001c001></div><div id='concg1001c002' ng-controller ='concg1001c002' ng-keydown='UICGC_2_KEY_DOWN($event)' class='Profile-container' style='display:none;'><dircg1001c002 ></dircg1001c002></div><div id='concg1001c003' ng-controller ='concg1001c003' ng-keydown='UICGC_3_KEY_DOWN($event)' class='Profile-container' style='display:none;'><dircg1001c003 ></dircg1001c003></div><div id='concg1001c004' ng-controller ='concg1001c004' ng-keydown='UICGC_4_KEY_DOWN($event)' class='Profile-container' style='display:none;'><dircg1001c004 ></dircg1001c004></div><div id='concg1001c005' ng-controller ='concg1001c005' ng-keydown='UICGC_5_KEY_DOWN($event)' class='Profile-container' style='display:none;'><dircg1001c005 ></dircg1001c005></div><div id='concg1001c006' ng-controller ='concg1001c006' ng-keydown='UICGC_6_KEY_DOWN($event)' class='Profile-container' style='display:none;'><dircg1001c006 ></dircg1001c006></div><div id='concg1001c008' ng-controller ='concg1001c008' ng-keydown='UICGC_8_KEY_DOWN($event)' class='Profile-container' style='display:none;'><dircg1001c008 ></dircg1001c008></div><div id='concg1001c009' ng-controller ='concg1001c009' ng-keydown='UICGC_9_KEY_DOWN($event)' class='Profile-container' style='display:none;'><dircg1001c009 ></dircg1001c009></div><div id='concg1001c010' ng-controller ='concg1001c010' ng-keydown='UICGC_10_KEY_DOWN($event)' class='Profile-container' style='display:none;'><dircg1001c010 ></dircg1001c010></div><div id='concg1001c013' ng-controller ='concg1001c013' ng-keydown='UICGC_13_KEY_DOWN($event)' class='Profile-container' style='display:none;'><dircg1001c013 ></dircg1001c013></div><div ng-controller ='dpsinit' style='display:None'></div><div  ng-controller ='dpsraise' style='display:None'></div><div ng-controller ='dsinfo' style='display:None'></div><div ng-controller ='actions' style='display:None'></div></div>","PROFILE_UICGCS" : [{ "UICGC_CODE" : "UICGC_11","LEFT" : "0%", "TOP" : "0%", "HEIGHT" : "100%", "WIDTH" : "50%", "CONTROLLER_ID" : "concg1001c011" },{ "UICGC_CODE" : "UICGC_12","LEFT" : "50%", "TOP" : "0%", "HEIGHT" : "100%", "WIDTH" : "50%", "CONTROLLER_ID" : "concg1001c012" }] },{"PROFILE_CODE":"EVENTKEY","PROFILE_DESC":"EventKey","PROFILE_TYPE":"MAIN","PROFILE_CONTENT":"<div class='Profile' style='position: relative;height:100%;width:100%'><div id='concg1001c008' ng-controller ='concg1001c008' ng-keydown='UICGC_8_KEY_DOWN($event)' class='Profile-container' style='top: 0%; height: 100%; left: 0%; width: 100%;'><dircg1001c008 ></dircg1001c008></div><div id='concg1001c001' ng-controller ='concg1001c001' ng-keydown='UICGC_1_KEY_DOWN($event)' class='Profile-container' style='display:none;'><dircg1001c001 ></dircg1001c001></div><div id='concg1001c002' ng-controller ='concg1001c002' ng-keydown='UICGC_2_KEY_DOWN($event)' class='Profile-container' style='display:none;'><dircg1001c002 ></dircg1001c002></div><div id='concg1001c003' ng-controller ='concg1001c003' ng-keydown='UICGC_3_KEY_DOWN($event)' class='Profile-container' style='display:none;'><dircg1001c003 ></dircg1001c003></div><div id='concg1001c004' ng-controller ='concg1001c004' ng-keydown='UICGC_4_KEY_DOWN($event)' class='Profile-container' style='display:none;'><dircg1001c004 ></dircg1001c004></div><div id='concg1001c005' ng-controller ='concg1001c005' ng-keydown='UICGC_5_KEY_DOWN($event)' class='Profile-container' style='display:none;'><dircg1001c005 ></dircg1001c005></div><div id='concg1001c006' ng-controller ='concg1001c006' ng-keydown='UICGC_6_KEY_DOWN($event)' class='Profile-container' style='display:none;'><dircg1001c006 ></dircg1001c006></div><div id='concg1001c009' ng-controller ='concg1001c009' ng-keydown='UICGC_9_KEY_DOWN($event)' class='Profile-container' style='display:none;'><dircg1001c009 ></dircg1001c009></div><div id='concg1001c010' ng-controller ='concg1001c010' ng-keydown='UICGC_10_KEY_DOWN($event)' class='Profile-container' style='display:none;'><dircg1001c010 ></dircg1001c010></div><div id='concg1001c011' ng-controller ='concg1001c011' ng-keydown='UICGC_11_KEY_DOWN($event)' class='Profile-container' style='display:none;'><dircg1001c011 ></dircg1001c011></div><div id='concg1001c012' ng-controller ='concg1001c012' ng-keydown='UICGC_12_KEY_DOWN($event)' class='Profile-container' style='display:none;'><dircg1001c012 ></dircg1001c012></div><div id='concg1001c013' ng-controller ='concg1001c013' ng-keydown='UICGC_13_KEY_DOWN($event)' class='Profile-container' style='display:none;'><dircg1001c013 ></dircg1001c013></div><div ng-controller ='dpsinit' style='display:None'></div><div  ng-controller ='dpsraise' style='display:None'></div><div ng-controller ='dsinfo' style='display:None'></div><div ng-controller ='actions' style='display:None'></div></div>","PROFILE_UICGCS" : [{ "UICGC_CODE" : "UICGC_8","LEFT" : "0%", "TOP" : "0%", "HEIGHT" : "100%", "WIDTH" : "100%", "CONTROLLER_ID" : "concg1001c008" }] },{"PROFILE_CODE":"PR6","PROFILE_DESC":"VIEW PROFILE","PROFILE_TYPE":"MAIN","PROFILE_CONTENT":"<div class='Profile' style='position: relative;height:100%;width:100%'><div id='concg1001c004' ng-controller ='concg1001c004' ng-keydown='UICGC_4_KEY_DOWN($event)' class='Profile-container' style='top: 0%; height: 50%; left: 0%; width: 100%;'><dircg1001c004 ></dircg1001c004></div><div id='concg1001c013' ng-controller ='concg1001c013' ng-keydown='UICGC_13_KEY_DOWN($event)' class='Profile-container' style='top: 50%; height: 50%; left: 0%; width: 100%;'><dircg1001c013 ></dircg1001c013></div><div id='concg1001c001' ng-controller ='concg1001c001' ng-keydown='UICGC_1_KEY_DOWN($event)' class='Profile-container' style='display:none;'><dircg1001c001 ></dircg1001c001></div><div id='concg1001c002' ng-controller ='concg1001c002' ng-keydown='UICGC_2_KEY_DOWN($event)' class='Profile-container' style='display:none;'><dircg1001c002 ></dircg1001c002></div><div id='concg1001c003' ng-controller ='concg1001c003' ng-keydown='UICGC_3_KEY_DOWN($event)' class='Profile-container' style='display:none;'><dircg1001c003 ></dircg1001c003></div><div id='concg1001c005' ng-controller ='concg1001c005' ng-keydown='UICGC_5_KEY_DOWN($event)' class='Profile-container' style='display:none;'><dircg1001c005 ></dircg1001c005></div><div id='concg1001c006' ng-controller ='concg1001c006' ng-keydown='UICGC_6_KEY_DOWN($event)' class='Profile-container' style='display:none;'><dircg1001c006 ></dircg1001c006></div><div id='concg1001c008' ng-controller ='concg1001c008' ng-keydown='UICGC_8_KEY_DOWN($event)' class='Profile-container' style='display:none;'><dircg1001c008 ></dircg1001c008></div><div id='concg1001c009' ng-controller ='concg1001c009' ng-keydown='UICGC_9_KEY_DOWN($event)' class='Profile-container' style='display:none;'><dircg1001c009 ></dircg1001c009></div><div id='concg1001c010' ng-controller ='concg1001c010' ng-keydown='UICGC_10_KEY_DOWN($event)' class='Profile-container' style='display:none;'><dircg1001c010 ></dircg1001c010></div><div id='concg1001c011' ng-controller ='concg1001c011' ng-keydown='UICGC_11_KEY_DOWN($event)' class='Profile-container' style='display:none;'><dircg1001c011 ></dircg1001c011></div><div id='concg1001c012' ng-controller ='concg1001c012' ng-keydown='UICGC_12_KEY_DOWN($event)' class='Profile-container' style='display:none;'><dircg1001c012 ></dircg1001c012></div><div ng-controller ='dpsinit' style='display:None'></div><div  ng-controller ='dpsraise' style='display:None'></div><div ng-controller ='dsinfo' style='display:None'></div><div ng-controller ='actions' style='display:None'></div></div>","PROFILE_UICGCS" : [{ "UICGC_CODE" : "UICGC_4","LEFT" : "0%", "TOP" : "0%", "HEIGHT" : "50%", "WIDTH" : "100%", "CONTROLLER_ID" : "concg1001c004" },{ "UICGC_CODE" : "UICGC_13","LEFT" : "0%", "TOP" : "50%", "HEIGHT" : "50%", "WIDTH" : "100%", "CONTROLLER_ID" : "concg1001c013" }] },{"PROFILE_CODE":"PR7","PROFILE_DESC":"List With Search","PROFILE_TYPE":"MAIN","PROFILE_CONTENT":"<div class='Profile' style='position: relative;height:100%;width:100%'><div id='concg1001c003' ng-controller ='concg1001c003' ng-keydown='UICGC_3_KEY_DOWN($event)' class='Profile-container' style='top: 0%; height: 40%; left: 0%; width: 100%;'><dircg1001c003 ></dircg1001c003></div><div id='concg1001c001' ng-controller ='concg1001c001' ng-keydown='UICGC_1_KEY_DOWN($event)' class='Profile-container' style='top: 40%; height: 60%; left: 0%; width: 100%;'><dircg1001c001 ></dircg1001c001></div><div id='concg1001c002' ng-controller ='concg1001c002' ng-keydown='UICGC_2_KEY_DOWN($event)' class='Profile-container' style='display:none;'><dircg1001c002 ></dircg1001c002></div><div id='concg1001c004' ng-controller ='concg1001c004' ng-keydown='UICGC_4_KEY_DOWN($event)' class='Profile-container' style='display:none;'><dircg1001c004 ></dircg1001c004></div><div id='concg1001c005' ng-controller ='concg1001c005' ng-keydown='UICGC_5_KEY_DOWN($event)' class='Profile-container' style='display:none;'><dircg1001c005 ></dircg1001c005></div><div id='concg1001c006' ng-controller ='concg1001c006' ng-keydown='UICGC_6_KEY_DOWN($event)' class='Profile-container' style='display:none;'><dircg1001c006 ></dircg1001c006></div><div id='concg1001c008' ng-controller ='concg1001c008' ng-keydown='UICGC_8_KEY_DOWN($event)' class='Profile-container' style='display:none;'><dircg1001c008 ></dircg1001c008></div><div id='concg1001c009' ng-controller ='concg1001c009' ng-keydown='UICGC_9_KEY_DOWN($event)' class='Profile-container' style='display:none;'><dircg1001c009 ></dircg1001c009></div><div id='concg1001c010' ng-controller ='concg1001c010' ng-keydown='UICGC_10_KEY_DOWN($event)' class='Profile-container' style='display:none;'><dircg1001c010 ></dircg1001c010></div><div id='concg1001c011' ng-controller ='concg1001c011' ng-keydown='UICGC_11_KEY_DOWN($event)' class='Profile-container' style='display:none;'><dircg1001c011 ></dircg1001c011></div><div id='concg1001c012' ng-controller ='concg1001c012' ng-keydown='UICGC_12_KEY_DOWN($event)' class='Profile-container' style='display:none;'><dircg1001c012 ></dircg1001c012></div><div id='concg1001c013' ng-controller ='concg1001c013' ng-keydown='UICGC_13_KEY_DOWN($event)' class='Profile-container' style='display:none;'><dircg1001c013 ></dircg1001c013></div><div ng-controller ='dpsinit' style='display:None'></div><div  ng-controller ='dpsraise' style='display:None'></div><div ng-controller ='dsinfo' style='display:None'></div><div ng-controller ='actions' style='display:None'></div></div>","PROFILE_UICGCS" : [{ "UICGC_CODE" : "UICGC_3","LEFT" : "0%", "TOP" : "0%", "HEIGHT" : "40%", "WIDTH" : "100%", "CONTROLLER_ID" : "concg1001c003" },{ "UICGC_CODE" : "UICGC_1","LEFT" : "0%", "TOP" : "40%", "HEIGHT" : "60%", "WIDTH" : "100%", "CONTROLLER_ID" : "concg1001c001" }] }]}