{"PROFILES": [{"PROFILE_CODE":"PR_FX_PASSPORT","PROFILE_DESC":"FX Passport","PROFILE_TYPE":"MAIN","PROFILE_CONTENT":"<div class='Profile' style='position: relative;height:100%;width:100%'><div id='concg1039c001' ng-controller ='concg1039c001' ng-keydown='UICGC_1_KEY_DOWN($event)' class='Profile-container' style='top: 0%; height: 50%; left: 0%; width: 50%;'><dircg1039c001 ></dircg1039c001></div><div id='concg1039c002' ng-controller ='concg1039c002' ng-keydown='UICGC_2_KEY_DOWN($event)' class='Profile-container' style='top: 50%; height: 50%; left: 0%; width: 50%;'><dircg1039c002 ></dircg1039c002></div><div id='concg1039c003' ng-controller ='concg1039c003' ng-keydown='UICGC_3_KEY_DOWN($event)' class='Profile-container' style='top: 0%; height: 50%; left: 50%; width: 50%;'><dircg1039c003 ></dircg1039c003></div><div id='concg1039c004' ng-controller ='concg1039c004' ng-keydown='UICGC_4_KEY_DOWN($event)' class='Profile-container' style='top: 50%; height: 50%; left: 50%; width: 50%;'><dircg1039c004 ></dircg1039c004></div><div ng-controller ='dpsinit' style='display:None'></div><div  ng-controller ='dpsraise' style='display:None'></div><div ng-controller ='dsinfo' style='display:None'></div><div ng-controller ='actions' style='display:None'></div></div>","PROFILE_UICGCS" : [{ "UICGC_CODE" : "UICGC_1","LEFT" : "0%", "TOP" : "0%", "HEIGHT" : "50%", "WIDTH" : "50%", "CONTROLLER_ID" : "concg1039c001" },{ "UICGC_CODE" : "UICGC_2","LEFT" : "0%", "TOP" : "50%", "HEIGHT" : "50%", "WIDTH" : "50%", "CONTROLLER_ID" : "concg1039c002" },{ "UICGC_CODE" : "UICGC_3","LEFT" : "50%", "TOP" : "0%", "HEIGHT" : "50%", "WIDTH" : "50%", "CONTROLLER_ID" : "concg1039c003" },{ "UICGC_CODE" : "UICGC_4","LEFT" : "50%", "TOP" : "50%", "HEIGHT" : "50%", "WIDTH" : "50%", "CONTROLLER_ID" : "concg1039c004" }] }]}