{"PROFILES": [{"PROFILE_CODE":"PR_FX_CONTENT_SRCH","PROFILE_DESC":"FX Content SRCH","PROFILE_TYPE":"MAIN","PROFILE_CONTENT":"<div class='Profile' style='position: relative;height:100%;width:100%'><div id='concg1042c002' ng-controller ='concg1042c002' ng-keydown='UICGC_2_KEY_DOWN($event)' class='Profile-container' style='top: 0%; height: 30%; left: 0%; width: 100%;'><dircg1042c002 ></dircg1042c002></div><div id='concg1042c003' ng-controller ='concg1042c003' ng-keydown='UICGC_3_KEY_DOWN($event)' class='Profile-container' style='top: 30%; height: 70%; left: 0%; width: 100%;'><dircg1042c003 ></dircg1042c003></div><div id='concg1042c001' ng-controller ='concg1042c001' ng-keydown='UICGC_1_KEY_DOWN($event)' class='Profile-container' style='display:none;'><dircg1042c001 ></dircg1042c001></div><div id='concg1042c004' ng-controller ='concg1042c004' ng-keydown='UICGC_4_KEY_DOWN($event)' class='Profile-container' style='display:none;'><dircg1042c004 ></dircg1042c004></div><div ng-controller ='dpsinit' style='display:None'></div><div  ng-controller ='dpsraise' style='display:None'></div><div ng-controller ='dsinfo' style='display:None'></div><div ng-controller ='actions' style='display:None'></div></div>","PROFILE_UICGCS" : [{ "UICGC_CODE" : "UICGC_2","LEFT" : "0%", "TOP" : "0%", "HEIGHT" : "30%", "WIDTH" : "100%", "CONTROLLER_ID" : "concg1042c002" },{ "UICGC_CODE" : "UICGC_3","LEFT" : "0%", "TOP" : "30%", "HEIGHT" : "70%", "WIDTH" : "100%", "CONTROLLER_ID" : "concg1042c003" }] },{"PROFILE_CODE":"PR_FX_CS_ATMTVWR","PROFILE_DESC":"FX CS ATMTVWR","PROFILE_TYPE":"CHILD","PROFILE_CONTENT":"<div class='Profile' style='position: relative;height:100%;width:100%'><div id='concg1042c001' ng-controller ='concg1042c001' ng-keydown='UICGC_1_KEY_DOWN($event)' class='Profile-container' style='top: 0%; height: 100%; left: 0%; width: 100%;'><dircg1042c001 ></dircg1042c001></div></div>","PROFILE_UICGCS" : [{ "UICGC_CODE" : "UICGC_1","LEFT" : "0%", "TOP" : "0%", "HEIGHT" : "100%", "WIDTH" : "100%", "CONTROLLER_ID" : "concg1042c001" }] }]}