{"PROFILES": [{"PROFILE_CODE":"PR_FX_MDT_SNIPPEt","PROFILE_DESC":"fX Mandate Snippet","PROFILE_TYPE":"MAIN","PROFILE_CONTENT":"<div class='Profile' style='position: relative;height:100%;width:100%'><div id='concg1035c001' ng-controller ='concg1035c001' ng-keydown='UICGC_1_KEY_DOWN($event)' class='Profile-container' style='top: 0%; height: 50%; left: 0%; width: 50%;'><dircg1035c001 ></dircg1035c001></div><div id='concg1035c002' ng-controller ='concg1035c002' ng-keydown='UICGC_2_KEY_DOWN($event)' class='Profile-container' style='top: 50%; height: 50%; left: 0%; width: 50%;'><dircg1035c002 ></dircg1035c002></div><div id='concg1035c003' ng-controller ='concg1035c003' ng-keydown='UICGC_3_KEY_DOWN($event)' class='Profile-container' style='top: 0%; height: 100%; left: 50%; width: 50%;'><dircg1035c003 ></dircg1035c003></div><div ng-controller ='dpsinit' style='display:None'></div><div  ng-controller ='dpsraise' style='display:None'></div><div ng-controller ='dsinfo' style='display:None'></div><div ng-controller ='actions' style='display:None'></div></div>","PROFILE_UICGCS" : [{ "UICGC_CODE" : "UICGC_1","LEFT" : "0%", "TOP" : "0%", "HEIGHT" : "50%", "WIDTH" : "50%", "CONTROLLER_ID" : "concg1035c001" },{ "UICGC_CODE" : "UICGC_2","LEFT" : "0%", "TOP" : "50%", "HEIGHT" : "50%", "WIDTH" : "50%", "CONTROLLER_ID" : "concg1035c002" },{ "UICGC_CODE" : "UICGC_3","LEFT" : "50%", "TOP" : "0%", "HEIGHT" : "100%", "WIDTH" : "50%", "CONTROLLER_ID" : "concg1035c003" }] }]}