{"PROFILES": [{"PROFILE_CODE":"PR_MULTILEVEL_WF","PROFILE_DESC":"Multilevel WF Main Profile","PROFILE_TYPE":"MAIN","PROFILE_CONTENT":"<div class='Profile' style='position: relative;height:100%;width:100%'><div id='concg1040c002' ng-controller ='concg1040c002' ng-keydown='UICGC_2_KEY_DOWN($event)' class='Profile-container' style='top: 0%; height: 100%; left: 0%; width: 50%;'><dircg1040c002 context-menu='menu'></dircg1040c002></div><div id='concg1040c001' ng-controller ='concg1040c001' ng-keydown='UICGC_1_KEY_DOWN($event)' class='Profile-container' style='top: 0%; height: 100%; left: 50%; width: 50%;'><dircg1040c001 ></dircg1040c001></div><div ng-controller ='dpsinit' style='display:None'></div><div  ng-controller ='dpsraise' style='display:None'></div><div ng-controller ='dsinfo' style='display:None'></div><div ng-controller ='actions' style='display:None'></div></div>","PROFILE_UICGCS" : [{ "UICGC_CODE" : "UICGC_2","LEFT" : "0%", "TOP" : "0%", "HEIGHT" : "100%", "WIDTH" : "50%", "CONTROLLER_ID" : "concg1040c002" },{ "UICGC_CODE" : "UICGC_1","LEFT" : "50%", "TOP" : "0%", "HEIGHT" : "100%", "WIDTH" : "50%", "CONTROLLER_ID" : "concg1040c001" }] }]}