{"PROFILES": [{"PROFILE_CODE":"FX_RIL_MAKER","PROFILE_DESC":"FX RIL Maker Tree","PROFILE_TYPE":"MAIN","PROFILE_CONTENT":"<div class='Profile' style='position: relative;height:100%;width:100%'><div id='concg1004c002' ng-controller ='concg1004c002' ng-keydown='UICGC_2_KEY_DOWN($event)' class='Profile-container' style='top: 0%; height: 100%; left: 0%; width: 100%;'><dircg1004c002 context-menu='menu'></dircg1004c002></div><div id='concg1004c001' ng-controller ='concg1004c001' ng-keydown='UICGC_1_KEY_DOWN($event)' class='Profile-container' style='top: -100%; height: 0%; left: -100%; width: 0%;'><dircg1004c001 ></dircg1004c001></div><div id='concg1004c003' ng-controller ='concg1004c003' ng-keydown='UICGC_3_KEY_DOWN($event)' class='Profile-container' style='display:none;'><dircg1004c003 ></dircg1004c003></div><div id='concg1004c004' ng-controller ='concg1004c004' ng-keydown='UICGC_4_KEY_DOWN($event)' class='Profile-container' style='display:none;'><dircg1004c004 ></dircg1004c004></div><div id='concg1004c005' ng-controller ='concg1004c005' ng-keydown='UICGC_5_KEY_DOWN($event)' class='Profile-container' style='display:none;'><dircg1004c005 ></dircg1004c005></div><div id='concg1004c006' ng-controller ='concg1004c006' ng-keydown='UICGC_6_KEY_DOWN($event)' class='Profile-container' style='display:none;'><dircg1004c006 ></dircg1004c006></div><div id='concg1004c008' ng-controller ='concg1004c008' ng-keydown='UICGC_8_KEY_DOWN($event)' class='Profile-container' style='display:none;'><dircg1004c008 ></dircg1004c008></div><div id='concg1004c009' ng-controller ='concg1004c009' ng-keydown='UICGC_9_KEY_DOWN($event)' class='Profile-container' style='display:none;'><dircg1004c009 ></dircg1004c009></div><div id='concg1004c010' ng-controller ='concg1004c010' ng-keydown='UICGC_10_KEY_DOWN($event)' class='Profile-container' style='display:none;'><dircg1004c010 ></dircg1004c010></div><div ng-controller ='dpsinit' style='display:None'></div><div  ng-controller ='dpsraise' style='display:None'></div><div ng-controller ='dsinfo' style='display:None'></div><div ng-controller ='actions' style='display:None'></div></div>","PROFILE_UICGCS" : [{ "UICGC_CODE" : "UICGC_2","LEFT" : "0%", "TOP" : "0%", "HEIGHT" : "100%", "WIDTH" : "100%", "CONTROLLER_ID" : "concg1004c002" },{ "UICGC_CODE" : "UICGC_1","LEFT" : "-100%", "TOP" : "-100%", "HEIGHT" : "0%", "WIDTH" : "0%", "CONTROLLER_ID" : "concg1004c001" }] },{"PROFILE_CODE":"UICGTP_FX_MKR_CF","PROFILE_DESC":"FX Folder Profile","PROFILE_TYPE":"CHILD","PROFILE_CONTENT":"<div class='Profile' style='position: relative;height:100%;width:100%'><div id='concg1004c005' ng-controller ='concg1004c005' ng-keydown='UICGC_5_KEY_DOWN($event)' class='Profile-container' style='top: 0%; height: 100%; left: 0%; width: 100%;'><dircg1004c005 ></dircg1004c005></div></div>","PROFILE_UICGCS" : [{ "UICGC_CODE" : "UICGC_5","LEFT" : "0%", "TOP" : "0%", "HEIGHT" : "100%", "WIDTH" : "100%", "CONTROLLER_ID" : "concg1004c005" }] },{"PROFILE_CODE":"UICGTP_FX_MKR_CRET_COMP","PROFILE_DESC":"FX Company Profile","PROFILE_TYPE":"CHILD","PROFILE_CONTENT":"<div class='Profile' style='position: relative;height:100%;width:100%'><div id='concg1004c004' ng-controller ='concg1004c004' ng-keydown='UICGC_4_KEY_DOWN($event)' class='Profile-container' style='top: 0%; height: 10%; left: 0%; width: 10%;'><dircg1004c004 ></dircg1004c004></div></div>","PROFILE_UICGCS" : [{ "UICGC_CODE" : "UICGC_4","LEFT" : "0%", "TOP" : "0%", "HEIGHT" : "10%", "WIDTH" : "10%", "CONTROLLER_ID" : "concg1004c004" }] },{"PROFILE_CODE":"EDIT_SEARCH","PROFILE_DESC":"EDIT SEARCH","PROFILE_TYPE":"MAIN","PROFILE_CONTENT":"<div class='Profile' style='position: relative;height:100%;width:100%'><div id='concg1004c008' ng-controller ='concg1004c008' ng-keydown='UICGC_8_KEY_DOWN($event)' class='Profile-container' style='top: 0%; height: 100%; left: 0%; width: 100%;'><dircg1004c008 ></dircg1004c008></div><div id='concg1004c006' ng-controller ='concg1004c006' ng-keydown='UICGC_6_KEY_DOWN($event)' class='Profile-container' style='top: -100%; height: 0%; left: -100%; width: 0%;'><dircg1004c006 ></dircg1004c006></div><div id='concg1004c001' ng-controller ='concg1004c001' ng-keydown='UICGC_1_KEY_DOWN($event)' class='Profile-container' style='display:none;'><dircg1004c001 ></dircg1004c001></div><div id='concg1004c002' ng-controller ='concg1004c002' ng-keydown='UICGC_2_KEY_DOWN($event)' class='Profile-container' style='display:none;'><dircg1004c002 context-menu='menu'></dircg1004c002></div><div id='concg1004c003' ng-controller ='concg1004c003' ng-keydown='UICGC_3_KEY_DOWN($event)' class='Profile-container' style='display:none;'><dircg1004c003 ></dircg1004c003></div><div id='concg1004c004' ng-controller ='concg1004c004' ng-keydown='UICGC_4_KEY_DOWN($event)' class='Profile-container' style='display:none;'><dircg1004c004 ></dircg1004c004></div><div id='concg1004c005' ng-controller ='concg1004c005' ng-keydown='UICGC_5_KEY_DOWN($event)' class='Profile-container' style='display:none;'><dircg1004c005 ></dircg1004c005></div><div id='concg1004c009' ng-controller ='concg1004c009' ng-keydown='UICGC_9_KEY_DOWN($event)' class='Profile-container' style='display:none;'><dircg1004c009 ></dircg1004c009></div><div id='concg1004c010' ng-controller ='concg1004c010' ng-keydown='UICGC_10_KEY_DOWN($event)' class='Profile-container' style='display:none;'><dircg1004c010 ></dircg1004c010></div><div ng-controller ='dpsinit' style='display:None'></div><div  ng-controller ='dpsraise' style='display:None'></div><div ng-controller ='dsinfo' style='display:None'></div><div ng-controller ='actions' style='display:None'></div></div>","PROFILE_UICGCS" : [{ "UICGC_CODE" : "UICGC_8","LEFT" : "0%", "TOP" : "0%", "HEIGHT" : "100%", "WIDTH" : "100%", "CONTROLLER_ID" : "concg1004c008" },{ "UICGC_CODE" : "UICGC_6","LEFT" : "-100%", "TOP" : "-100%", "HEIGHT" : "0%", "WIDTH" : "0%", "CONTROLLER_ID" : "concg1004c006" }] },{"PROFILE_CODE":"OAA_SCAN","PROFILE_DESC":"Scan","PROFILE_TYPE":"CHILD","PROFILE_CONTENT":"<div class='Profile' style='position: relative;height:100%;width:100%'><div id='concg1004c009' ng-controller ='concg1004c009' ng-keydown='UICGC_9_KEY_DOWN($event)' class='Profile-container' style='top: 0%; height: 80%; left: 0%; width: 100%;'><dircg1004c009 ></dircg1004c009></div><div id='concg1004c010' ng-controller ='concg1004c010' ng-keydown='UICGC_10_KEY_DOWN($event)' class='Profile-container' style='top: 80%; height: 20%; left: 0%; width: 100%;'><dircg1004c010 ></dircg1004c010></div></div>","PROFILE_UICGCS" : [{ "UICGC_CODE" : "UICGC_9","LEFT" : "0%", "TOP" : "0%", "HEIGHT" : "80%", "WIDTH" : "100%", "CONTROLLER_ID" : "concg1004c009" },{ "UICGC_CODE" : "UICGC_10","LEFT" : "0%", "TOP" : "80%", "HEIGHT" : "20%", "WIDTH" : "100%", "CONTROLLER_ID" : "concg1004c010" }] }]}