{"PROFILES": [{"PROFILE_CODE":"FX_RIL_MAKER","PROFILE_DESC":"FX RIL Maker Tree","PROFILE_TYPE":"MAIN","PROFILE_CONTENT":"<div class='Profile' style='position: relative;height:100%;width:100%'><div ng-controller ='concg1004c002' class='Profile-container' style='top: 0%; height: 100%; left: 0%; width: 50%;'><dircg1004c002 context-menu='menu'></dircg1004c002></div><div ng-controller ='concg1004c001' class='Profile-container' style='top: 0%; height: 100%; left: 50%; width: 50%;'><dircg1004c001 ></dircg1004c001></div><div ng-controller ='concg1004c003' class='Profile-container' style='display:none;'><dircg1004c003 ></dircg1004c003></div><div ng-controller ='concg1004c004' class='Profile-container' style='display:none;'><dircg1004c004 ></dircg1004c004></div><div ng-controller ='concg1004c005' class='Profile-container' style='display:none;'><dircg1004c005 ></dircg1004c005></div><div ng-controller ='concg1004c006' class='Profile-container' style='display:none;'><dircg1004c006 ></dircg1004c006></div><div ng-controller ='concg1004c008' class='Profile-container' style='display:none;'></div><div ng-controller ='concg1004c009' class='Profile-container' style='display:none;'></div><div ng-controller ='concg1004c010' class='Profile-container' style='display:none;'><dircg1004c010 ></dircg1004c010></div><div ng-controller ='dpsinit' style='display:None'></div><div  ng-controller ='dpsraise' style='display:None'></div><div ng-controller ='dsinfo' style='display:None'></div><div ng-controller ='actions' style='display:None'></div></div>","PROFILE_UICGCS" : ["UICGC_2","UICGC_1"] },{"PROFILE_CODE":"UICGTP_FX_MKR_CF","PROFILE_DESC":"FX Folder Profile","PROFILE_TYPE":"CHILD","PROFILE_CONTENT":"<div class='Profile' style='position: relative;height:100%;width:100%'><div ng-controller ='concg1004c005' class='Profile-container' style='top: 0%; height: 100%; left: 0%; width: 100%;'><dircg1004c005 ></dircg1004c005></div></div>","PROFILE_UICGCS" : ["UICGC_5"] },{"PROFILE_CODE":"UICGTP_FX_MKR_CRET_COMP","PROFILE_DESC":"FX Company Profile","PROFILE_TYPE":"CHILD","PROFILE_CONTENT":"<div class='Profile' style='position: relative;height:100%;width:100%'><div ng-controller ='concg1004c004' class='Profile-container' style='top: 0%; height: 100%; left: 0%; width: 100%;'><dircg1004c004 ></dircg1004c004></div></div>","PROFILE_UICGCS" : ["UICGC_4"] }]}