{"PROFILES": [{"PROFILE_CODE":"VISIBLE_SCREEN1","PROFILE_DESC":"Visible Screen","PROFILE_TYPE":"MAIN","PROFILE_CONTENT":"<div class='Profile' style='position: relative;height:100%;width:100%'><div id='concg1010c003' ng-controller ='concg1010c003' ng-keydown='UICGC_3_KEY_DOWN($event)' class='Profile-container' style='top: 0%; height: 50%; left: 0%; width: 100%;'><dircg1010c003 ></dircg1010c003></div><div id='concg1010c001' ng-controller ='concg1010c001' ng-keydown='UICGC_1_KEY_DOWN($event)' class='Profile-container' style='top: 50%; height: 50%; left: 0%; width: 100%;'><dircg1010c001 ></dircg1010c001></div><div id='concg1010c004' ng-controller ='concg1010c004' ng-keydown='UICGC_4_KEY_DOWN($event)' class='Profile-container' style='display:none;'><dircg1010c004 ></dircg1010c004></div><div id='concg1010c005' ng-controller ='concg1010c005' ng-keydown='UICGC_5_KEY_DOWN($event)' class='Profile-container' style='display:none;'><dircg1010c005 ></dircg1010c005></div><div ng-controller ='dpsinit' style='display:None'></div><div  ng-controller ='dpsraise' style='display:None'></div><div ng-controller ='dsinfo' style='display:None'></div><div ng-controller ='actions' style='display:None'></div></div>","PROFILE_UICGCS" : [{ "UICGC_CODE" : "UICGC_3","LEFT" : "0%", "TOP" : "0%", "HEIGHT" : "50%", "WIDTH" : "100%", "CONTROLLER_ID" : "concg1010c003" },{ "UICGC_CODE" : "UICGC_1","LEFT" : "0%", "TOP" : "50%", "HEIGHT" : "50%", "WIDTH" : "100%", "CONTROLLER_ID" : "concg1010c001" }] }]}