{"PROFILES": [{"PROFILE_CODE":"VISIBLE_SCREEN1","PROFILE_DESC":"Visible Screen","PROFILE_TYPE":"MAIN","PROFILE_CONTENT":"<div class='Profile' style='position: relative;height:100%;width:100%'><div ng-controller ='concg1010c003' class='Profile-container' style='top: 0%; height: 50%; left: 0%; width: 100%;'><dircg1010c003 ></dircg1010c003></div><div ng-controller ='concg1010c001' class='Profile-container' style='top: 50%; height: 50%; left: 0%; width: 100%;'><dircg1010c001 ></dircg1010c001></div><div ng-controller ='dpsinit' style='display:None'></div><div  ng-controller ='dpsraise' style='display:None'></div><div ng-controller ='dsinfo' style='display:None'></div><div ng-controller ='actions' style='display:None'></div></div>","PROFILE_UICGCS" : ["UICGC_3","UICGC_1"] }]}