{"PROFILES": [{"PROFILE_CODE":"PR_PO_MASTERs","PROFILE_DESC":"Masters Main profile","PROFILE_TYPE":"MAIN","PROFILE_CONTENT":"<div class='Profile' style='position: relative;height:100%;width:100%'><div id='concg1034c002' ng-controller ='concg1034c002' ng-keydown='UICGC_2_KEY_DOWN($event)' class='Profile-container' style='top: 0%; height: 50%; left: 0%; width: 100%;'><dircg1034c002 ></dircg1034c002></div><div id='concg1034c003' ng-controller ='concg1034c003' ng-keydown='UICGC_3_KEY_DOWN($event)' class='Profile-container' style='top: 50%; height: 50%; left: 0%; width: 100%;'><dircg1034c003 ></dircg1034c003></div><div ng-controller ='dpsinit' style='display:None'></div><div  ng-controller ='dpsraise' style='display:None'></div><div ng-controller ='dsinfo' style='display:None'></div><div ng-controller ='actions' style='display:None'></div></div>","PROFILE_UICGCS" : [{ "UICGC_CODE" : "UICGC_2","LEFT" : "0%", "TOP" : "0%", "HEIGHT" : "50%", "WIDTH" : "100%", "CONTROLLER_ID" : "concg1034c002" },{ "UICGC_CODE" : "UICGC_3","LEFT" : "0%", "TOP" : "50%", "HEIGHT" : "50%", "WIDTH" : "100%", "CONTROLLER_ID" : "concg1034c003" }] }]}