{"PROFILES": [{"PROFILE_CODE":"PR_FX_MANDATE","PROFILE_DESC":"Fx Mandate","PROFILE_TYPE":"MAIN","PROFILE_CONTENT":"<div class='Profile' style='position: relative;height:100%;width:100%'><div id='concg1031c001' ng-controller ='concg1031c001' ng-keydown='UICGC_1_KEY_DOWN($event)' class='Profile-container' style='top: 75%; height: 25%; left: 0%; width: 50%;'><dircg1031c001 ></dircg1031c001></div><div id='concg1031c007' ng-controller ='concg1031c007' ng-keydown='UICGC_7_KEY_DOWN($event)' class='Profile-container' style='top: 0%; height: 25%; left: 50%; width: 50%;'><dircg1031c007 ></dircg1031c007></div><div id='concg1031c008' ng-controller ='concg1031c008' ng-keydown='UICGC_8_KEY_DOWN($event)' class='Profile-container' style='top: 25%; height: 50%; left: 0%; width: 50%;'><dircg1031c008 ></dircg1031c008></div><div id='concg1031c004' ng-controller ='concg1031c004' ng-keydown='UICGC_4_KEY_DOWN($event)' class='Profile-container' style='top: 25%; height: 75%; left: 50%; width: 50%;'><dircg1031c004 ></dircg1031c004></div><div id='concg1031c009' ng-controller ='concg1031c009' ng-keydown='UICGC_9_KEY_DOWN($event)' class='Profile-container' style='top: 0%; height: 25%; left: 0%; width: 50%;'><dircg1031c009 ></dircg1031c009></div><div id='concg1031c002' ng-controller ='concg1031c002' ng-keydown='UICGC_2_KEY_DOWN($event)' class='Profile-container' style='display:none;'><dircg1031c002 ></dircg1031c002></div><div id='concg1031c005' ng-controller ='concg1031c005' ng-keydown='UICGC_5_KEY_DOWN($event)' class='Profile-container' style='display:none;'><dircg1031c005 ></dircg1031c005></div><div id='concg1031c006' ng-controller ='concg1031c006' ng-keydown='UICGC_6_KEY_DOWN($event)' class='Profile-container' style='display:none;'><dircg1031c006 ></dircg1031c006></div><div ng-controller ='dpsinit' style='display:None'></div><div  ng-controller ='dpsraise' style='display:None'></div><div ng-controller ='dsinfo' style='display:None'></div><div ng-controller ='actions' style='display:None'></div></div>","PROFILE_UICGCS" : [{ "UICGC_CODE" : "UICGC_1","LEFT" : "0%", "TOP" : "75%", "HEIGHT" : "25%", "WIDTH" : "50%", "CONTROLLER_ID" : "concg1031c001" },{ "UICGC_CODE" : "UICGC_7","LEFT" : "50%", "TOP" : "0%", "HEIGHT" : "25%", "WIDTH" : "50%", "CONTROLLER_ID" : "concg1031c007" },{ "UICGC_CODE" : "UICGC_8","LEFT" : "0%", "TOP" : "25%", "HEIGHT" : "50%", "WIDTH" : "50%", "CONTROLLER_ID" : "concg1031c008" },{ "UICGC_CODE" : "UICGC_4","LEFT" : "50%", "TOP" : "25%", "HEIGHT" : "75%", "WIDTH" : "50%", "CONTROLLER_ID" : "concg1031c004" },{ "UICGC_CODE" : "UICGC_9","LEFT" : "0%", "TOP" : "0%", "HEIGHT" : "25%", "WIDTH" : "50%", "CONTROLLER_ID" : "concg1031c009" }] },{"PROFILE_CODE":"PR_FX_SCAN_MANDATE","PROFILE_DESC":"Scan","PROFILE_TYPE":"CHILD","PROFILE_CONTENT":"<div class='Profile' style='position: relative;height:100%;width:100%'><div id='concg1031c005' ng-controller ='concg1031c005' ng-keydown='UICGC_5_KEY_DOWN($event)' class='Profile-container' style='top: 0%; height: 50%; left: 0%; width: 100%;'><dircg1031c005 ></dircg1031c005></div><div id='concg1031c006' ng-controller ='concg1031c006' ng-keydown='UICGC_6_KEY_DOWN($event)' class='Profile-container' style='top: 50%; height: 50%; left: 0%; width: 100%;'><dircg1031c006 ></dircg1031c006></div></div>","PROFILE_UICGCS" : [{ "UICGC_CODE" : "UICGC_5","LEFT" : "0%", "TOP" : "0%", "HEIGHT" : "50%", "WIDTH" : "100%", "CONTROLLER_ID" : "concg1031c005" },{ "UICGC_CODE" : "UICGC_6","LEFT" : "0%", "TOP" : "50%", "HEIGHT" : "50%", "WIDTH" : "100%", "CONTROLLER_ID" : "concg1031c006" }] },{"PROFILE_CODE":"PR_FX_MANDATE_BATCH","PROFILE_DESC":"Batch Profile","PROFILE_TYPE":"MAIN","PROFILE_CONTENT":"<div class='Profile' style='position: relative;height:100%;width:100%'><div id='concg1031c009' ng-controller ='concg1031c009' ng-keydown='UICGC_9_KEY_DOWN($event)' class='Profile-container' style='top: 0%; height: 100%; left: 0%; width: 100%;'><dircg1031c009 ></dircg1031c009></div><div id='concg1031c001' ng-controller ='concg1031c001' ng-keydown='UICGC_1_KEY_DOWN($event)' class='Profile-container' style='display:none;'><dircg1031c001 ></dircg1031c001></div><div id='concg1031c002' ng-controller ='concg1031c002' ng-keydown='UICGC_2_KEY_DOWN($event)' class='Profile-container' style='display:none;'><dircg1031c002 ></dircg1031c002></div><div id='concg1031c004' ng-controller ='concg1031c004' ng-keydown='UICGC_4_KEY_DOWN($event)' class='Profile-container' style='display:none;'><dircg1031c004 ></dircg1031c004></div><div id='concg1031c005' ng-controller ='concg1031c005' ng-keydown='UICGC_5_KEY_DOWN($event)' class='Profile-container' style='display:none;'><dircg1031c005 ></dircg1031c005></div><div id='concg1031c006' ng-controller ='concg1031c006' ng-keydown='UICGC_6_KEY_DOWN($event)' class='Profile-container' style='display:none;'><dircg1031c006 ></dircg1031c006></div><div id='concg1031c007' ng-controller ='concg1031c007' ng-keydown='UICGC_7_KEY_DOWN($event)' class='Profile-container' style='display:none;'><dircg1031c007 ></dircg1031c007></div><div id='concg1031c008' ng-controller ='concg1031c008' ng-keydown='UICGC_8_KEY_DOWN($event)' class='Profile-container' style='display:none;'><dircg1031c008 ></dircg1031c008></div><div ng-controller ='dpsinit' style='display:None'></div><div  ng-controller ='dpsraise' style='display:None'></div><div ng-controller ='dsinfo' style='display:None'></div><div ng-controller ='actions' style='display:None'></div></div>","PROFILE_UICGCS" : [{ "UICGC_CODE" : "UICGC_9","LEFT" : "0%", "TOP" : "0%", "HEIGHT" : "100%", "WIDTH" : "100%", "CONTROLLER_ID" : "concg1031c009" }] },{"PROFILE_CODE":"PR_FOLDER_SCAN","PROFILE_DESC":"Folder Scan","PROFILE_TYPE":"MAIN","PROFILE_CONTENT":"<div class='Profile' style='position: relative;height:100%;width:100%'><div id='concg1031c005' ng-controller ='concg1031c005' ng-keydown='UICGC_5_KEY_DOWN($event)' class='Profile-container' style='top: 0%; height: 100%; left: 0%; width: 100%;'><dircg1031c005 ></dircg1031c005></div><div id='concg1031c001' ng-controller ='concg1031c001' ng-keydown='UICGC_1_KEY_DOWN($event)' class='Profile-container' style='display:none;'><dircg1031c001 ></dircg1031c001></div><div id='concg1031c002' ng-controller ='concg1031c002' ng-keydown='UICGC_2_KEY_DOWN($event)' class='Profile-container' style='display:none;'><dircg1031c002 ></dircg1031c002></div><div id='concg1031c004' ng-controller ='concg1031c004' ng-keydown='UICGC_4_KEY_DOWN($event)' class='Profile-container' style='display:none;'><dircg1031c004 ></dircg1031c004></div><div id='concg1031c006' ng-controller ='concg1031c006' ng-keydown='UICGC_6_KEY_DOWN($event)' class='Profile-container' style='display:none;'><dircg1031c006 ></dircg1031c006></div><div id='concg1031c007' ng-controller ='concg1031c007' ng-keydown='UICGC_7_KEY_DOWN($event)' class='Profile-container' style='display:none;'><dircg1031c007 ></dircg1031c007></div><div id='concg1031c008' ng-controller ='concg1031c008' ng-keydown='UICGC_8_KEY_DOWN($event)' class='Profile-container' style='display:none;'><dircg1031c008 ></dircg1031c008></div><div id='concg1031c009' ng-controller ='concg1031c009' ng-keydown='UICGC_9_KEY_DOWN($event)' class='Profile-container' style='display:none;'><dircg1031c009 ></dircg1031c009></div><div ng-controller ='dpsinit' style='display:None'></div><div  ng-controller ='dpsraise' style='display:None'></div><div ng-controller ='dsinfo' style='display:None'></div><div ng-controller ='actions' style='display:None'></div></div>","PROFILE_UICGCS" : [{ "UICGC_CODE" : "UICGC_5","LEFT" : "0%", "TOP" : "0%", "HEIGHT" : "100%", "WIDTH" : "100%", "CONTROLLER_ID" : "concg1031c005" }] }]}