{"PROFILES": [{"PROFILE_CODE":"FX_EMP_PR1","PROFILE_DESC":"DATE ENTRY","PROFILE_TYPE":"MAIN","PROFILE_CONTENT":"<div class='Profile' style='position: relative;height:100%;width:100%'><div ng-controller ='concg1001c002' class='Profile-container' style='top: 0%; height: 100%; left: 50%; width: 50%;'><dircg1001c002 ></dircg1001c002></div><div ng-controller ='concg1001c001' class='Profile-container' style='top: 50%; height: 50%; left: 0%; width: 50%;'><dircg1001c001 ></dircg1001c001></div><div ng-controller ='concg1001c003' class='Profile-container' style='top: 0%; height: 50%; left: 0%; width: 50%;'><dircg1001c003 ></dircg1001c003></div><div ng-controller ='concg1001c004' class='Profile-container' style='display:none;'></div><div ng-controller ='concg1001c005' class='Profile-container' style='display:none;'><dircg1001c005 ></dircg1001c005></div><div ng-controller ='concg1001c006' class='Profile-container' style='display:none;'><dircg1001c006 ></dircg1001c006></div><div ng-controller ='concg1001c007' class='Profile-container' style='display:none;'><dircg1001c007 ></dircg1001c007></div><div ng-controller ='dpsinit' style='display:None'></div><div  ng-controller ='dpsraise' style='display:None'></div><div ng-controller ='dsinfo' style='display:None'></div><div ng-controller ='actions' style='display:None'></div></div>","PROFILE_UICGCS" : ["UICGC_2","UICGC_1","UICGC_3"] },{"PROFILE_CODE":"FX_EMP_PR2","PROFILE_DESC":"Change Profile","PROFILE_TYPE":"MAIN","PROFILE_CONTENT":"<div class='Profile' style='position: relative;height:100%;width:100%'><div ng-controller ='concg1001c004' class='Profile-container' style='top: 0%; height: 50%; left: 0%; width: 100%;'><dircg1001c004 ></dircg1001c004></div><div ng-controller ='concg1001c005' class='Profile-container' style='top: 50%; height: 50%; left: 0%; width: 100%;'><dircg1001c005 ></dircg1001c005></div><div ng-controller ='concg1001c001' class='Profile-container' style='display:none;'></div><div ng-controller ='concg1001c002' class='Profile-container' style='display:none;'><dircg1001c002 ></dircg1001c002></div><div ng-controller ='concg1001c003' class='Profile-container' style='display:none;'><dircg1001c003 ></dircg1001c003></div><div ng-controller ='concg1001c006' class='Profile-container' style='display:none;'><dircg1001c006 ></dircg1001c006></div><div ng-controller ='concg1001c007' class='Profile-container' style='display:none;'><dircg1001c007 ></dircg1001c007></div><div ng-controller ='dpsinit' style='display:None'></div><div  ng-controller ='dpsraise' style='display:None'></div><div ng-controller ='dsinfo' style='display:None'></div><div ng-controller ='actions' style='display:None'></div></div>","PROFILE_UICGCS" : ["UICGC_4","UICGC_5"] }]}