{"PROFILES": [{"PROFILE_CODE":"PR1_CUSTOMER","PROFILE_DESC":"Customer","PROFILE_TYPE":"MAIN","PROFILE_CONTENT":"<div class='Profile' style='position: relative;height:100%;width:100%'><div ng-controller ='concg1021c002' class='Profile-container' style='top: 0%; height: 100%; left: 50%; width: 50%;'><dircg1021c002 ></dircg1021c002></div><div ng-controller ='concg1021c001' class='Profile-container' style='top: 0%; height: 100%; left: 0%; width: 50%;'><dircg1021c001 ></dircg1021c001></div><div ng-controller ='dpsinit' style='display:None'></div><div  ng-controller ='dpsraise' style='display:None'></div><div ng-controller ='dsinfo' style='display:None'></div><div ng-controller ='actions' style='display:None'></div></div>","PROFILE_UICGCS" : ["UICGC_2","UICGC_1"] }]}