{"PROFILES": [{"PROFILE_CODE":"PR1_CUSTOMER","PROFILE_DESC":"Customer","PROFILE_TYPE":"MAIN","PROFILE_CONTENT":"<div class='Profile' style='position: relative;height:100%;width:100%'><div id='concg1021c001' ng-controller ='concg1021c001' ng-keydown='UICGC_1_KEY_DOWN($event)' class='Profile-container' style='top: 10%; height: 40%; left: 0%; width: 50%;'><dircg1021c001 ></dircg1021c001></div><div id='concg1021c002' ng-controller ='concg1021c002' ng-keydown='UICGC_2_KEY_DOWN($event)' class='Profile-container' style='top: 0%; height: 10%; left: 0%; width: 50%;'><dircg1021c002 ></dircg1021c002></div><div id='concg1021c004' ng-controller ='concg1021c004' ng-keydown='UICGC_4_KEY_DOWN($event)' class='Profile-container' style='display:none;'><dircg1021c004 ></dircg1021c004></div><div id='concg1021c005' ng-controller ='concg1021c005' ng-keydown='UICGC_5_KEY_DOWN($event)' class='Profile-container' style='display:none;'><dircg1021c005 ></dircg1021c005></div><div ng-controller ='dpsinit' style='display:None'></div><div  ng-controller ='dpsraise' style='display:None'></div><div ng-controller ='dsinfo' style='display:None'></div><div ng-controller ='actions' style='display:None'></div></div>","PROFILE_UICGCS" : [{ "UICGC_CODE" : "UICGC_1","LEFT" : "0%", "TOP" : "10%", "HEIGHT" : "40%", "WIDTH" : "50%", "CONTROLLER_ID" : "concg1021c001" },{ "UICGC_CODE" : "UICGC_2","LEFT" : "0%", "TOP" : "0%", "HEIGHT" : "10%", "WIDTH" : "50%", "CONTROLLER_ID" : "concg1021c002" }] },{"PROFILE_CODE":"PR2","PROFILE_DESC":"LIST","PROFILE_TYPE":"MAIN","PROFILE_CONTENT":"<div class='Profile' style='position: relative;height:100%;width:100%'><div id='concg1021c002' ng-controller ='concg1021c002' ng-keydown='UICGC_2_KEY_DOWN($event)' class='Profile-container' style='top: 15%; height: 80%; left: 0%; width: 100%;'><dircg1021c002 ></dircg1021c002></div><div id='concg1021c004' ng-controller ='concg1021c004' ng-keydown='UICGC_4_KEY_DOWN($event)' class='Profile-container' style='top: 0%; height: 10%; left: 5%; width: 90%;'><dircg1021c004 ></dircg1021c004></div><div id='concg1021c001' ng-controller ='concg1021c001' ng-keydown='UICGC_1_KEY_DOWN($event)' class='Profile-container' style='display:none;'><dircg1021c001 ></dircg1021c001></div><div id='concg1021c005' ng-controller ='concg1021c005' ng-keydown='UICGC_5_KEY_DOWN($event)' class='Profile-container' style='display:none;'><dircg1021c005 ></dircg1021c005></div><div ng-controller ='dpsinit' style='display:None'></div><div  ng-controller ='dpsraise' style='display:None'></div><div ng-controller ='dsinfo' style='display:None'></div><div ng-controller ='actions' style='display:None'></div></div>","PROFILE_UICGCS" : [{ "UICGC_CODE" : "UICGC_2","LEFT" : "0%", "TOP" : "15%", "HEIGHT" : "80%", "WIDTH" : "100%", "CONTROLLER_ID" : "concg1021c002" },{ "UICGC_CODE" : "UICGC_4","LEFT" : "5%", "TOP" : "0%", "HEIGHT" : "10%", "WIDTH" : "90%", "CONTROLLER_ID" : "concg1021c004" }] },{"PROFILE_CODE":"PR3","PROFILE_DESC":"Edit","PROFILE_TYPE":"MAIN","PROFILE_CONTENT":"<div class='Profile' style='position: relative;height:100%;width:100%'><div id='concg1021c001' ng-controller ='concg1021c001' ng-keydown='UICGC_1_KEY_DOWN($event)' class='Profile-container' style='top: 0%; height: 100%; left: 0%; width: 100%;'><dircg1021c001 ></dircg1021c001></div><div id='concg1021c002' ng-controller ='concg1021c002' ng-keydown='UICGC_2_KEY_DOWN($event)' class='Profile-container' style='display:none;'><dircg1021c002 ></dircg1021c002></div><div id='concg1021c004' ng-controller ='concg1021c004' ng-keydown='UICGC_4_KEY_DOWN($event)' class='Profile-container' style='display:none;'><dircg1021c004 ></dircg1021c004></div><div id='concg1021c005' ng-controller ='concg1021c005' ng-keydown='UICGC_5_KEY_DOWN($event)' class='Profile-container' style='display:none;'><dircg1021c005 ></dircg1021c005></div><div ng-controller ='dpsinit' style='display:None'></div><div  ng-controller ='dpsraise' style='display:None'></div><div ng-controller ='dsinfo' style='display:None'></div><div ng-controller ='actions' style='display:None'></div></div>","PROFILE_UICGCS" : [{ "UICGC_CODE" : "UICGC_1","LEFT" : "0%", "TOP" : "0%", "HEIGHT" : "100%", "WIDTH" : "100%", "CONTROLLER_ID" : "concg1021c001" }] }]}