{"PROFILES": [{"PROFILE_CODE":"PR1_ATTACH","PROFILE_DESC":"Attch Profile","PROFILE_TYPE":"MAIN","PROFILE_CONTENT":"<div class='Profile' style='position: relative;height:100%;width:100%'><div ng-controller ='concg1011c004' class='Profile-container' style='top: 0%; height: 50%; left: 0%; width: 50%;'><dircg1011c004 ></dircg1011c004></div><div ng-controller ='concg1011c003' class='Profile-container' style='top: 50%; height: 50%; left: 0%; width: 50%;'><dircg1011c003 ></dircg1011c003></div><div ng-controller ='concg1011c001' class='Profile-container' style='top: 50%; height: 50%; left: 50%; width: 50%;'><dircg1011c001 ></dircg1011c001></div><div ng-controller ='concg1011c005' class='Profile-container' style='top: 0%; height: 50%; left: 50%; width: 50%;'><dircg1011c005 ></dircg1011c005></div><div ng-controller ='dpsinit' style='display:None'></div><div  ng-controller ='dpsraise' style='display:None'></div><div ng-controller ='dsinfo' style='display:None'></div><div ng-controller ='actions' style='display:None'></div></div>","PROFILE_UICGCS" : ["UICGC_4","UICGC_3","UICGC_1","UICGC_5"] }]}